"","X","word","score","invscore","prior","likelihood","pword","posterior"
"1",1,"alabama",3.78,0.264550264550265,0.02,1,0.02,0.125
"2",3,"arizona",7,0.142857142857143,0.02,1,0.02,0.125
"3",9,"florida",2.38,0.420168067226891,0.02,1,0.02,0.125
"4",10,"georgia",3.7,0.27027027027027,0.02,1,0.02,0.125
"5",14,"indiana",3.62,0.276243093922652,0.02,1,0.02,0.125
"6",26,"montana",7,0.142857142857143,0.02,1,0.02,0.125
"7",45,"vermont",3.5,0.285714285714286,0.02,1,0.02,0.125
"8",50,"wyoming",7,0.142857142857143,0.02,1,0.02,0.125
