"","X","word","score","invscore","prior","likelihood","pword","posterior"
"1",22,"banana",1.7,0.588235294117647,0.0191265375251432,1,0.0191265375251432,0.804597701149425
"2",200,"papaya",7,0.142857142857143,0.00464501625610621,1,0.00464501625610621,0.195402298850575
